{"is_source_file": false, "format": "", "description": "", "external_files": [], "external_methods": [], "published": [], "classes": [], "methods": [], "calls": [], "search-terms": [], "state": 2, "file_id": 6, "knowledge_revision": 10, "git_revision": "526a6c758858707b14ab1348e3e669eb1a2409b9", "hash": "958cedf34bfe73f03377ac96ccdc1492", "format-version": 4, "code-base-name": "tic_tac_toe_frontend", "filename": "README.md", "revision_history": [{"10": "526a6c758858707b14ab1348e3e669eb1a2409b9"}]}