{"is_source_file": false, "format": "", "description": "", "external_files": [], "external_methods": [], "published": [], "classes": [], "methods": [], "calls": [], "search-terms": [], "state": 2, "file_id": 1, "knowledge_revision": 14, "git_revision": "547e8421a4c5a93d87304bcef5eae0710818c561", "hash": "d38657ac4e17345bb299dd172cd8ff2e", "format-version": 4, "code-base-name": "tic_tac_toe_frontend", "filename": "tic_tac_toe_frontend/package.json", "revision_history": [{"14": "547e8421a4c5a93d87304bcef5eae0710818c561"}]}