{"is_source_file": true, "format": "JavaScript module (.mjs)", "description": "ESLint configuration script for a project supporting both JavaScript and TypeScript files, defining linting rules and parser options.", "external_files": ["@eslint/js", "globals", "typescript-eslint"], "external_methods": [], "published": [], "classes": [], "methods": [], "calls": ["js.configs.recommended", "tseslint.configs.recommended"], "search-terms": ["eslint", "linting", "typescript-eslint", "globals", "file match patterns", "rules"], "state": 3, "file_id": 3, "knowledge_revision": 12, "git_revision": "547e8421a4c5a93d87304bcef5eae0710818c561", "hash": "6eae6a40fd45c831d338e6b184ad821b", "format-version": 4, "code-base-name": "tic_tac_toe_frontend", "filename": "tic_tac_toe_frontend/eslint.config.mjs", "revision_history": [{"12": "547e8421a4c5a93d87304bcef5eae0710818c561"}, {"18": "547e8421a4c5a93d87304bcef5eae0710818c561"}]}