{"is_source_file": true, "format": "TypeScript React (TSX)", "description": "React component implementing a Tic Tac Toe game with game logic, UI rendering, state management, scoring, and styling.", "external_files": ["react"], "external_methods": ["useEffect", "useMemo", "useState"], "published": ["TicTacToeApp"], "classes": [], "methods": [{"name": "computeStatus", "description": "Calculates the current game status (in progress, won, or draw) based on the board state and next player."}, {"name": "otherPlayer", "description": "Returns the other player ('X' or 'O') given the current player."}, {"name": "getStatusText", "description": "Returns a human-readable string representing the current game status."}, {"name": "getSubtitleText", "description": "Returns a subtitle prompt based on current game status."}, {"name": "squareLabel", "description": "Generates a label for a square based on its index (e.g., 'Row 1, Column 1')."}, {"name": "TicTacToeApp", "description": "Main React functional component managing the Tic Tac Toe game UI, game logic, state, and styles."}], "calls": ["useEffect", "useMemo", "computeStatus", "setScore", "setBoard", "setNextPlayer", "localStorage.getItem", "JSON.parse", "localStorage.setItem", "JSON.stringify"], "search-terms": ["TicTacToe", "React game", "useState game", "game logic", "score tracking", "board rendering", "localStorage persistence", "game status", "win lines", "interactive board"], "state": 2, "file_id": 7, "knowledge_revision": 17, "git_revision": "", "ctags": [], "hash": "aa1a2d956e5bb4b111e6a599e28a4dc5", "format-version": 4, "code-base-name": "tic_tac_toe_frontend", "filename": "tic_tac_toe_frontend/src/components/TicTacToeApp.tsx", "revision_history": [{"17": ""}]}