{"is_source_file": true, "format": "JavaScript (ES Module, Astro config)", "description": "This is a configuration file for an Astro project, setting up integrations and server options.", "external_files": ["@astrojs/react"], "external_methods": ["defineConfig"], "published": [], "classes": [], "methods": [], "calls": ["react()", "defineConfig()"], "search-terms": ["astro", "configuration", "react", "server settings", "integrations"], "state": 2, "file_id": 5, "knowledge_revision": 15, "git_revision": "547e8421a4c5a93d87304bcef5eae0710818c561", "revision_history": [{"13": "547e8421a4c5a93d87304bcef5eae0710818c561"}, {"15": "547e8421a4c5a93d87304bcef5eae0710818c561"}], "hash": "ee0c28ca0228feeb7690f6186ef1272e", "format-version": 4, "code-base-name": "tic_tac_toe_frontend", "filename": "tic_tac_toe_frontend/astro.config.mjs"}