{"is_source_file": false, "format": null, "description": "", "external_files": [], "external_methods": [], "published": [], "classes": [], "methods": [], "calls": [], "search-terms": [], "state": 2, "file_id": 4, "knowledge_revision": 8, "git_revision": "547e8421a4c5a93d87304bcef5eae0710818c561", "hash": "1d3613ac08bdda17e2b82251613dbc21", "format-version": 4, "code-base-name": "tic_tac_toe_frontend", "filename": "tic_tac_toe_frontend/tsconfig.json", "revision_history": [{"8": "547e8421a4c5a93d87304bcef5eae0710818c561"}]}