{"is_source_file": false, "format": "", "description": "", "external_files": [], "external_methods": [], "published": [], "classes": [], "methods": [], "calls": [], "search-terms": [], "state": 2, "file_id": 3, "knowledge_revision": 18, "git_revision": "547e8421a4c5a93d87304bcef5eae0710818c561", "revision_history": [{"12": "547e8421a4c5a93d87304bcef5eae0710818c561"}, {"18": "547e8421a4c5a93d87304bcef5eae0710818c561"}], "hash": "b616168d1e732788d834bfe55512d622", "format-version": 4, "code-base-name": "tic_tac_toe_frontend", "filename": "tic_tac_toe_frontend/eslint.config.mjs"}