{"is_source_file": false, "format": "", "description": "", "external_files": [], "external_methods": [], "published": [], "classes": [], "methods": [], "calls": [], "search-terms": [], "state": 2, "file_id": 2, "knowledge_revision": 9, "git_revision": "547e8421a4c5a93d87304bcef5eae0710818c561", "hash": "c0e8cde0a00f7ca45c6e57745d3ce18c", "format-version": 4, "code-base-name": "tic_tac_toe_frontend", "filename": "tic_tac_toe_frontend/README.md", "revision_history": [{"9": "547e8421a4c5a93d87304bcef5eae0710818c561"}]}